video,frame,label
2.mp4,1,0
2.mp4,2,0
2.mp4,3,0
2.mp4,4,0
2.mp4,5,0
2.mp4,6,0
2.mp4,7,0
2.mp4,8,0
2.mp4,9,0
2.mp4,10,0
2.mp4,11,0
2.mp4,12,0
2.mp4,13,0
2.mp4,14,0
2.mp4,15,0
2.mp4,16,0
2.mp4,17,0
2.mp4,18,0
2.mp4,19,0
2.mp4,20,0
2.mp4,21,0
2.mp4,22,0
2.mp4,23,0
2.mp4,24,0
2.mp4,25,0
2.mp4,26,0
2.mp4,27,0
2.mp4,28,0
2.mp4,29,0
2.mp4,30,0
2.mp4,31,0
2.mp4,32,0
2.mp4,33,0
2.mp4,34,0
2.mp4,35,0
2.mp4,36,0
2.mp4,37,0
2.mp4,38,0
2.mp4,39,0
2.mp4,40,0
2.mp4,41,0
2.mp4,42,0
2.mp4,43,0
2.mp4,44,0
2.mp4,45,0
2.mp4,46,0
2.mp4,47,0
2.mp4,48,0
2.mp4,49,0
2.mp4,50,0
2.mp4,51,0
2.mp4,52,0
2.mp4,53,0
2.mp4,54,0
2.mp4,55,0
2.mp4,56,0
2.mp4,57,0
2.mp4,58,0
2.mp4,59,0
2.mp4,60,0
2.mp4,61,0
2.mp4,62,0
2.mp4,63,0
2.mp4,64,0
2.mp4,65,0
2.mp4,66,0
2.mp4,67,0
2.mp4,68,0
2.mp4,69,0
2.mp4,70,0
2.mp4,71,0
2.mp4,72,0
2.mp4,73,0
2.mp4,74,0
2.mp4,75,0
2.mp4,76,0
2.mp4,77,0
2.mp4,78,0
2.mp4,79,0
2.mp4,80,0
2.mp4,81,0
2.mp4,82,0
2.mp4,83,0
2.mp4,84,0
2.mp4,85,0
2.mp4,86,0
2.mp4,87,0
2.mp4,88,0
2.mp4,89,0
2.mp4,90,0
2.mp4,91,0
2.mp4,92,0
2.mp4,93,0
2.mp4,94,0
2.mp4,95,0
2.mp4,96,0
2.mp4,97,0
2.mp4,98,0
2.mp4,99,0
2.mp4,100,0
2.mp4,101,0
2.mp4,102,0
2.mp4,103,0
2.mp4,104,0
2.mp4,105,0
2.mp4,106,0
2.mp4,107,0
2.mp4,108,0
2.mp4,109,0
2.mp4,110,0
2.mp4,111,0
2.mp4,112,0
2.mp4,113,0
2.mp4,114,0
2.mp4,115,0
2.mp4,116,0
2.mp4,117,0
2.mp4,118,0
2.mp4,119,0
2.mp4,120,0
2.mp4,121,0
2.mp4,122,0
2.mp4,123,0
2.mp4,124,0
2.mp4,125,0
2.mp4,126,0
2.mp4,127,0
2.mp4,128,0
2.mp4,129,0
2.mp4,130,0
2.mp4,131,0
2.mp4,132,0
2.mp4,133,0
2.mp4,134,0
2.mp4,135,0
2.mp4,136,0
2.mp4,137,0
2.mp4,138,0
2.mp4,139,0
2.mp4,140,0
2.mp4,141,0
2.mp4,142,0
2.mp4,143,0
2.mp4,144,0
2.mp4,145,0
2.mp4,146,0
2.mp4,147,0
2.mp4,148,0
2.mp4,149,0
2.mp4,150,0
2.mp4,151,0
2.mp4,152,0
2.mp4,153,0
2.mp4,154,0
2.mp4,155,0
2.mp4,156,0
2.mp4,157,0
2.mp4,158,0
2.mp4,159,0
2.mp4,160,0
2.mp4,161,0
2.mp4,162,0
2.mp4,163,0
2.mp4,164,0
2.mp4,165,0
2.mp4,166,0
2.mp4,167,0
2.mp4,168,0
2.mp4,169,0
2.mp4,170,0
2.mp4,171,0
2.mp4,172,0
2.mp4,173,0
2.mp4,174,0
2.mp4,175,0
2.mp4,176,0
2.mp4,177,0
2.mp4,178,0
2.mp4,179,0
2.mp4,180,0
2.mp4,181,0
2.mp4,182,0
2.mp4,183,0
2.mp4,184,0
2.mp4,185,0
2.mp4,186,0
2.mp4,187,0
2.mp4,188,0
2.mp4,189,0
2.mp4,190,0
2.mp4,191,0
2.mp4,192,0
2.mp4,193,0
2.mp4,194,0
2.mp4,195,0
2.mp4,196,0
2.mp4,197,0
2.mp4,198,0
2.mp4,199,0
2.mp4,200,0
2.mp4,201,0
2.mp4,202,0
2.mp4,203,0
2.mp4,204,0
2.mp4,205,0
2.mp4,206,0
2.mp4,207,0
2.mp4,208,0
2.mp4,209,0
2.mp4,210,0
2.mp4,211,0
2.mp4,212,0
2.mp4,213,0
2.mp4,214,0
2.mp4,215,0
2.mp4,216,0
2.mp4,217,0
2.mp4,218,0
2.mp4,219,0
2.mp4,220,0
2.mp4,221,0
2.mp4,222,0
2.mp4,223,0
2.mp4,224,0
2.mp4,225,0
2.mp4,226,0
2.mp4,227,0
2.mp4,228,0
2.mp4,229,0
2.mp4,230,0
2.mp4,231,0
2.mp4,232,0
2.mp4,233,0
2.mp4,234,0
2.mp4,235,0
2.mp4,236,0
2.mp4,237,0
2.mp4,238,0
2.mp4,239,0
2.mp4,240,0
2.mp4,241,0
2.mp4,242,0
2.mp4,243,0
2.mp4,244,0
2.mp4,245,0
2.mp4,246,0
2.mp4,247,0
2.mp4,248,0
2.mp4,249,0
2.mp4,250,0
2.mp4,251,0
2.mp4,252,0
2.mp4,253,0
2.mp4,254,0
2.mp4,255,0
2.mp4,256,0
2.mp4,257,0
2.mp4,258,0
2.mp4,259,0
2.mp4,260,0
2.mp4,261,0
2.mp4,262,0
2.mp4,263,0
2.mp4,264,0
2.mp4,265,0
2.mp4,266,0
2.mp4,267,0
2.mp4,268,0
2.mp4,269,0
2.mp4,270,0
2.mp4,271,0
2.mp4,272,0
2.mp4,273,0
2.mp4,274,0
2.mp4,275,0
2.mp4,276,0
2.mp4,277,0
2.mp4,278,0
2.mp4,279,0
2.mp4,280,0
2.mp4,281,0
2.mp4,282,0
2.mp4,283,0
2.mp4,284,0
2.mp4,285,0
2.mp4,286,0
2.mp4,287,0
2.mp4,288,0
2.mp4,289,0
2.mp4,290,0
2.mp4,291,0
2.mp4,292,0
2.mp4,293,0
2.mp4,294,0
2.mp4,295,0
2.mp4,296,0
2.mp4,297,0
2.mp4,298,0
2.mp4,299,0
2.mp4,300,0
2.mp4,301,0
2.mp4,302,0
2.mp4,303,0
2.mp4,304,0
2.mp4,305,0
2.mp4,306,0
2.mp4,307,0
2.mp4,308,0
2.mp4,309,0
2.mp4,310,0
2.mp4,311,0
2.mp4,312,0
2.mp4,313,0
2.mp4,314,0
2.mp4,315,0
2.mp4,316,0
2.mp4,317,0
2.mp4,318,0
2.mp4,319,0
2.mp4,320,0
2.mp4,321,0
2.mp4,322,0
2.mp4,323,0
2.mp4,324,0
2.mp4,325,0
2.mp4,326,0
2.mp4,327,0
2.mp4,328,0
2.mp4,329,0
2.mp4,330,0
2.mp4,331,0
2.mp4,332,0
2.mp4,333,0
2.mp4,334,0
2.mp4,335,0
2.mp4,336,0
2.mp4,337,0
2.mp4,338,0
2.mp4,339,0
2.mp4,340,0
2.mp4,341,0
2.mp4,342,0
2.mp4,343,0
2.mp4,344,0
2.mp4,345,0
2.mp4,346,0
2.mp4,347,0
2.mp4,348,0
2.mp4,349,0
2.mp4,350,0
2.mp4,351,0
2.mp4,352,0
2.mp4,353,0
2.mp4,354,0
2.mp4,355,0
2.mp4,356,0
2.mp4,357,0
2.mp4,358,0
2.mp4,359,0
2.mp4,360,0
2.mp4,361,0
2.mp4,362,0
2.mp4,363,0
2.mp4,364,0
2.mp4,365,0
2.mp4,366,0
2.mp4,367,0
2.mp4,368,0
2.mp4,369,0
2.mp4,370,0
2.mp4,371,0
2.mp4,372,0
2.mp4,373,0
2.mp4,374,0
2.mp4,375,0
2.mp4,376,0
2.mp4,377,0
2.mp4,378,0
2.mp4,379,0
2.mp4,380,0
2.mp4,381,0
2.mp4,382,0
2.mp4,383,0
2.mp4,384,0
2.mp4,385,0
2.mp4,386,0
2.mp4,387,0
2.mp4,388,0
2.mp4,389,0
2.mp4,390,0
2.mp4,391,0
2.mp4,392,0
2.mp4,393,0
2.mp4,394,0
2.mp4,395,0
2.mp4,396,0
2.mp4,397,0
2.mp4,398,0
2.mp4,399,0
2.mp4,400,0
2.mp4,401,0
2.mp4,402,0
2.mp4,403,0
2.mp4,404,0
2.mp4,405,0
2.mp4,406,0
2.mp4,407,0
2.mp4,408,0
2.mp4,409,0
2.mp4,410,0
2.mp4,411,0
2.mp4,412,0
2.mp4,413,0
2.mp4,414,0
2.mp4,415,0
2.mp4,416,0
2.mp4,417,0
2.mp4,418,0
2.mp4,419,0
2.mp4,420,0
2.mp4,421,0
2.mp4,422,0
2.mp4,423,0
2.mp4,424,0
2.mp4,425,0
2.mp4,426,0
2.mp4,427,0
2.mp4,428,0
2.mp4,429,0
2.mp4,430,0
2.mp4,431,0
2.mp4,432,0
2.mp4,433,0
2.mp4,434,0
2.mp4,435,0
2.mp4,436,0
2.mp4,437,0
2.mp4,438,0
2.mp4,439,0
2.mp4,440,0
2.mp4,441,0
2.mp4,442,0
2.mp4,443,0
2.mp4,444,0
2.mp4,445,0
2.mp4,446,0
2.mp4,447,0
2.mp4,448,0
2.mp4,449,0
2.mp4,450,0
2.mp4,451,0
2.mp4,452,0
2.mp4,453,0
2.mp4,454,0
2.mp4,455,0
2.mp4,456,0
2.mp4,457,0
2.mp4,458,0
2.mp4,459,0
2.mp4,460,0
2.mp4,461,0
2.mp4,462,0
2.mp4,463,0
2.mp4,464,0
2.mp4,465,0
2.mp4,466,0
2.mp4,467,0
2.mp4,468,0
2.mp4,469,0
2.mp4,470,0
2.mp4,471,0
2.mp4,472,0
2.mp4,473,0
2.mp4,474,0
2.mp4,475,0
2.mp4,476,0
2.mp4,477,0
2.mp4,478,0
2.mp4,479,0
2.mp4,480,0
2.mp4,481,0
2.mp4,482,0
2.mp4,483,0
2.mp4,484,0
2.mp4,485,0
2.mp4,486,0
2.mp4,487,0
2.mp4,488,0
2.mp4,489,0
2.mp4,490,0
2.mp4,491,0
2.mp4,492,0
2.mp4,493,0
2.mp4,494,0
2.mp4,495,0
2.mp4,496,0
2.mp4,497,0
2.mp4,498,0
2.mp4,499,0
2.mp4,500,0
2.mp4,501,0
2.mp4,502,0
2.mp4,503,0
2.mp4,504,0
2.mp4,505,0
2.mp4,506,0
2.mp4,507,0
2.mp4,508,0
2.mp4,509,0
2.mp4,510,0
2.mp4,511,0
2.mp4,512,0
2.mp4,513,0
2.mp4,514,0
2.mp4,515,0
2.mp4,516,0
2.mp4,517,0
2.mp4,518,0
2.mp4,519,0
2.mp4,520,0
2.mp4,521,0
2.mp4,522,0
2.mp4,523,0
2.mp4,524,0
2.mp4,525,0
2.mp4,526,0
2.mp4,527,0
2.mp4,528,0
2.mp4,529,0
2.mp4,530,0
2.mp4,531,0
2.mp4,532,0
2.mp4,533,0
2.mp4,534,0
2.mp4,535,0
2.mp4,536,0
2.mp4,537,0
2.mp4,538,0
2.mp4,539,0
2.mp4,540,0
2.mp4,541,0
2.mp4,542,0
2.mp4,543,0
2.mp4,544,0
2.mp4,545,0
2.mp4,546,0
2.mp4,547,0
2.mp4,548,0
2.mp4,549,0
2.mp4,550,0
2.mp4,551,0
2.mp4,552,0
2.mp4,553,0
2.mp4,554,0
2.mp4,555,0
2.mp4,556,0
2.mp4,557,0
2.mp4,558,0
2.mp4,559,0
2.mp4,560,0
2.mp4,561,0
2.mp4,562,0
2.mp4,563,0
2.mp4,564,0
2.mp4,565,0
2.mp4,566,0
2.mp4,567,0
2.mp4,568,0
2.mp4,569,0
2.mp4,570,0
2.mp4,571,0
2.mp4,572,0
2.mp4,573,0
2.mp4,574,0
2.mp4,575,0
2.mp4,576,0
2.mp4,577,0
2.mp4,578,0
2.mp4,579,0
2.mp4,580,0
2.mp4,581,0
2.mp4,582,0
2.mp4,583,0
2.mp4,584,0
2.mp4,585,0
2.mp4,586,0
2.mp4,587,0
2.mp4,588,0
2.mp4,589,0
2.mp4,590,0
2.mp4,591,0
2.mp4,592,0
2.mp4,593,0
2.mp4,594,0
2.mp4,595,0
2.mp4,596,0
2.mp4,597,0
2.mp4,598,0
2.mp4,599,0
2.mp4,600,0
2.mp4,601,0
2.mp4,602,0
2.mp4,603,0
2.mp4,604,0
2.mp4,605,0
2.mp4,606,0
2.mp4,607,0
2.mp4,608,0
2.mp4,609,0
2.mp4,610,0
2.mp4,611,0
2.mp4,612,0
2.mp4,613,0
2.mp4,614,0
2.mp4,615,0
2.mp4,616,0
2.mp4,617,0
2.mp4,618,0
2.mp4,619,0
2.mp4,620,0
2.mp4,621,0
2.mp4,622,0
2.mp4,623,0
2.mp4,624,0
2.mp4,625,0
2.mp4,626,0
2.mp4,627,0
2.mp4,628,0
2.mp4,629,0
2.mp4,630,0
2.mp4,631,0
2.mp4,632,0
2.mp4,633,0
2.mp4,634,0
2.mp4,635,0
2.mp4,636,0
2.mp4,637,0
2.mp4,638,0
2.mp4,639,0
2.mp4,640,0
2.mp4,641,0
2.mp4,642,0
2.mp4,643,0
2.mp4,644,0
2.mp4,645,0
2.mp4,646,0
2.mp4,647,0
2.mp4,648,0
2.mp4,649,0
2.mp4,650,0
2.mp4,651,0
2.mp4,652,0
2.mp4,653,0
2.mp4,654,0
2.mp4,655,0
2.mp4,656,0
2.mp4,657,0
2.mp4,658,0
2.mp4,659,0
2.mp4,660,0
2.mp4,661,0
2.mp4,662,0
2.mp4,663,0
2.mp4,664,0
2.mp4,665,0
2.mp4,666,0
2.mp4,667,0
2.mp4,668,0
2.mp4,669,0
2.mp4,670,0
2.mp4,671,0
2.mp4,672,0
2.mp4,673,0
2.mp4,674,0
2.mp4,675,0
2.mp4,676,0
2.mp4,677,0
2.mp4,678,0
2.mp4,679,0
2.mp4,680,0
2.mp4,681,0
2.mp4,682,0
2.mp4,683,0
2.mp4,684,0
2.mp4,685,0
2.mp4,686,0
2.mp4,687,0
2.mp4,688,0
2.mp4,689,0
2.mp4,690,0
2.mp4,691,0
2.mp4,692,0
2.mp4,693,0
2.mp4,694,0
2.mp4,695,0
2.mp4,696,0
2.mp4,697,0
2.mp4,698,0
2.mp4,699,0
2.mp4,700,0
2.mp4,701,0
2.mp4,702,0
2.mp4,703,0
2.mp4,704,0
2.mp4,705,0
2.mp4,706,0
2.mp4,707,0
2.mp4,708,0
2.mp4,709,0
2.mp4,710,0
2.mp4,711,0
2.mp4,712,0
2.mp4,713,0
2.mp4,714,0
2.mp4,715,0
2.mp4,716,0
2.mp4,717,0
2.mp4,718,0
2.mp4,719,0
2.mp4,720,0
2.mp4,721,0
2.mp4,722,0
2.mp4,723,0
2.mp4,724,0
2.mp4,725,0
2.mp4,726,0
2.mp4,727,0
2.mp4,728,0
2.mp4,729,0
2.mp4,730,0
2.mp4,731,0
2.mp4,732,0
2.mp4,733,0
2.mp4,734,0
2.mp4,735,0
2.mp4,736,0
2.mp4,737,0
2.mp4,738,0
2.mp4,739,0
2.mp4,740,0
2.mp4,741,0
2.mp4,742,0
2.mp4,743,0
2.mp4,744,0
2.mp4,745,0
2.mp4,746,0
2.mp4,747,0
2.mp4,748,0
2.mp4,749,0
2.mp4,750,0
2.mp4,751,0
2.mp4,752,0
2.mp4,753,0
2.mp4,754,0
2.mp4,755,0
2.mp4,756,0
2.mp4,757,0
2.mp4,758,0
2.mp4,759,0
2.mp4,760,0
2.mp4,761,0
2.mp4,762,0
2.mp4,763,0
2.mp4,764,0
2.mp4,765,0
2.mp4,766,0
2.mp4,767,0
2.mp4,768,0
2.mp4,769,0
2.mp4,770,0
2.mp4,771,0
2.mp4,772,0
2.mp4,773,0
2.mp4,774,0
2.mp4,775,0
2.mp4,776,0
2.mp4,777,0
2.mp4,778,0
2.mp4,779,0
2.mp4,780,0
2.mp4,781,0
2.mp4,782,0
2.mp4,783,0
2.mp4,784,0
2.mp4,785,0
2.mp4,786,0
2.mp4,787,0
2.mp4,788,0
2.mp4,789,0
2.mp4,790,0
2.mp4,791,0
2.mp4,792,0
2.mp4,793,0
2.mp4,794,0
2.mp4,795,0
2.mp4,796,0
2.mp4,797,0
2.mp4,798,0
2.mp4,799,0
2.mp4,800,0
2.mp4,801,0
2.mp4,802,0
2.mp4,803,0
2.mp4,804,0
2.mp4,805,0
2.mp4,806,0
2.mp4,807,0
2.mp4,808,0
2.mp4,809,0
2.mp4,810,0
2.mp4,811,0
2.mp4,812,0
2.mp4,813,0
2.mp4,814,0
2.mp4,815,0
2.mp4,816,0
2.mp4,817,0
2.mp4,818,0
2.mp4,819,0
2.mp4,820,0
2.mp4,821,0
2.mp4,822,0
2.mp4,823,0
2.mp4,824,0
2.mp4,825,0
2.mp4,826,0
2.mp4,827,0
2.mp4,828,0
2.mp4,829,0
2.mp4,830,0
2.mp4,831,0
2.mp4,832,0
2.mp4,833,0
2.mp4,834,0
2.mp4,835,0
2.mp4,836,0
2.mp4,837,0
2.mp4,838,0
2.mp4,839,0
2.mp4,840,0
2.mp4,841,0
2.mp4,842,0
2.mp4,843,0
2.mp4,844,0
2.mp4,845,0
2.mp4,846,0
2.mp4,847,0
2.mp4,848,0
2.mp4,849,0
2.mp4,850,0
2.mp4,851,0
2.mp4,852,0
2.mp4,853,0
2.mp4,854,0
2.mp4,855,0
2.mp4,856,0
2.mp4,857,0
2.mp4,858,0
2.mp4,859,0
2.mp4,860,0
2.mp4,861,0
2.mp4,862,0
2.mp4,863,0
2.mp4,864,0
2.mp4,865,0
2.mp4,866,0
2.mp4,867,0
2.mp4,868,0
2.mp4,869,0
2.mp4,870,0
2.mp4,871,0
2.mp4,872,0
2.mp4,873,0
2.mp4,874,0
2.mp4,875,0
2.mp4,876,0
2.mp4,877,0
2.mp4,878,0
2.mp4,879,0
2.mp4,880,0
2.mp4,881,0
2.mp4,882,0
2.mp4,883,0
2.mp4,884,0
2.mp4,885,0
2.mp4,886,0
2.mp4,887,0
2.mp4,888,0
2.mp4,889,0
2.mp4,890,0
2.mp4,891,0
2.mp4,892,0
2.mp4,893,0
2.mp4,894,0
2.mp4,895,0
2.mp4,896,0
2.mp4,897,0
2.mp4,898,0
2.mp4,899,0
2.mp4,900,0
2.mp4,901,0
2.mp4,902,0
2.mp4,903,0
2.mp4,904,0
2.mp4,905,0
2.mp4,906,0
